label	text_a
1	“窮“少兩撇😂
0	紫陽也說無法消化虛無力量
0	兩個青陽子，不划算
1	「廖哲玲，我要刷台新卡去日本玩！」
1	樓上原PO內文就說除了香都之外的店了
1	SynologyLivecam好像可以但是要買NAS
1	還是我直接投愛情類的就好
0	過來人奉勸你，認真就輸了
0	Lms只剩下賽評了
1	他遊戲理解真的母湯
0	思考判斷
0	自己打上菁英就覺得球沒料了
0	居你餓死
1	S3看他實況我能上白金後來看阿森實況上鑽石之後
1	接電腦可以...ap不行。ap換一台測試
1	喔...beta的意思可以好好google一下嗎
1	偷都偷早安瑋瑋
1	早安瞇眼粉都粉
1	之前虎撲有一篇狂吹緯來球評的
0	只會宣傳搞公關的捷運公司
1	晚上再來看，上一集光是訓練就看得肅然起敬了
1	Siakam活動力這麼好結果戰術都是球給可愛?
1	明明有小Gasol站高位暴龍可以一直做空切戰術
1	未看先推推推!!!!!!
0	懶得走就不會去買。
0	陸版還有門禁卡功能的樣子...
0	這家公司出包了不知多少次,但總有一堆子人在幫他護航.
0	siakam只能虐菜啦全隊不敢打全傳給KL
0	每個酸民的話都要在意的話人生就活得太累了他的觀念我欣賞~
1	畢業後就直接宰掉慶祝嗎??這也太神奇了
0	就說沒錢!或者說最近也需要用到錢
0	有生之年就能看到環境被破壞殆盡也是很令人悲傷
1	要在大陸當主播也要很小心謹慎阿
0	不課啊，現在儲值為了更強很沒意思
0	世界一半以上的高樓在沙特??我真是長知識了!!
0	花500元剩下的存起來這樣子會比較好吧
1	我是過了16歲才擁有自己的電話
0	人類總是不懂環境會反撲可怕
0	通常不克但真的要課就花一點點不然會上癮
0	比特犬真的是好兇小心一點
0	會減少但是很難消失手拿著書本閱讀的心情是不一樣的
0	不希望倒是能寒暄一下！
1	哈哈真的是好有趣羊當學生
1	希望部會還是喜歡紙本
1	我自己還是比較喜歡到書店看看書的內容後再購買。
0	不好用有時候弄巧成拙反而更貴
1	會啊電腦沒關家人一樣幫忙關掉哈哈哈哈
1	好的料理真的令人期待又享受，再去酒吧喝幾杯吧
1	習慣就好啦我們家也會有
1	其實這樣真的會很累，看到最後就真的沒有興趣了
0	大家晚上會把電腦關機嗎?我幾乎都會關不然很熱!!
1	看心情，我比較偏好有問題時會去問，沒問就是想自己看
1	行銷手法喜歡就去買來吃,好吃就繼續買
0	打工魔王二期遙遙無期就是了二期遙遙無期就是了
0	https://imgur.com/WL9posd.gif
1	郭董也想吃林志玲
0	原來這個人這麼糟糕喔~~~
1	說話很大方出手很小氣這種人超多尤其上年紀的人
0	噁心又愛亂講話的鍋懂
1	說話很大方，可是出手很小氣<-我信了陳崇美
1	小心哦
0	不奇怪
0	真的很糟
1	郭董：我一定嚴辦梁小花到底！
0	外省小混混
0	這告訴我們,警察不能信檢察官也不能信
0	方法跟手腕，逃過郭台銘的毒手一堆人還以為她拜金
1	所以鄉民平常根本都在汙衊劉嘉玲劉嘉玲算是用很聰明的
1	推
0	噓接地氣這詞
1	如果這篇屬實，那王永慶算不錯，至少都有負責
1	祝家人人早日康復!板主也保重阿
0	。版友不是你誰，沒有必要為了大概而包容
0	看完這篇，要我我也不約了。唯一敢這樣弄我的是我老公
1	大一點的家樂福有
0	JYP行銷能力還是有夠弱
1	推!
1	推～
0	怎麼不想想自己做了哪些蠢事
0	可惜郭董太優秀了沒人在意他私底下為人
1	推
0	仇人講的話...所以說鄉民的標準又浮動了...
1	推
0	選手也輸人skt的bp也是很爛但也沒那麼慘因為選
0	領多少錢練多少角
0	我比較關注的是，電狼這把和在國內打LMS，SOP很相似
0	反正都能回臺北
0	連FW都打不贏了，到底怎麼幻想能出國就變強阿？
1	請問3a的自拍如何謝謝
0	結果事實證明只有FW能拿三勝，其他兩隊沒出國的0-12
1	光是教練就四個了
0	去年世界賽後還有人迷信出不了國的比較強真的很奇妙
0	其實lms後勤算強了吧一堆被中國挖過去
1	推
1	實力決定高度你說練角哪有這麼容易
0	ziv很少拿鬥士不是ㄇ
0	依這把狀態，雷西前排綠茶流，和夜夜後排流，都....
0	別急著吹JT那兩個還沒出國的
0	果粉看到自己被嘴了…也只能哭哭說文章可憐
0	銅牌的話我覺得輔助視野分數有35就及格了
1	海巨人已經是現在最強的sup了==
1	興XD
1	想知道親手腕親第二次是即興嗎>/////<有看到網友猜是即
1	看看我們的風哥只要兩隻就能當職業選手
0	是貼在對方後車門嗎
1	已站內唷～～
1	早點轉業吧
1	借個FPX不錯有機會跟IG一搏
1	跟我聊\@＿@/
0	郭台銘雖然說話很大方，可是出手很小氣加薪會騙人嗎
1	哈哈推樓上
1	陳靖吃吃吃！！！
1	晚上北車可
1	推
1	美，真美，真漂亮!
1	來七
0	人品敗壞，還能支持也就代表你人品也有問題...
1	笑死
1	好厲害45歲就已經存一億難怪一堆人要當明星呀
1	有遠見的市府團隊、加油！
0	真的有錢的人，也不會自己算錢……他們擁有一堆會計師
0	我相信DL從不讓我失望
1	中肯，根本就是MAD的錯，這種隊伍當決賽對手，害FW
0	財迷心竅是迷財不是迷信!
1	借標題問一下如果是整個坐墊換包含裡面海綿大概多少呢謝謝
1	那裏不錯說...
0	[半吉]仙鶴立高枝防他暗箭虧井畔剛刀利戶內更防危
1	徐小隆下次試看看
1	推身家
0	摩托車也靠太近，是想鑽嘛？也太大膽了吧！
0	業績差)
1	營運職不見得必然等於主管職，有遇過做五年還是待窗口的(
0	分類怎麼會是食記
0	弱隊打強隊逆風輸掉很奇怪嗎？不要把FW當IG好不？
1	Otter不是有正面封住的殼
0	承認LMS就是比較爛的聯賽一點都不難啊，到底哪裡看
1	早安
0	微星賽牛比==
1	謝謝樓上幾位分享，我去碰碰運氣
1	訂起來，賣出去?~
1	水桶試試囉
1	楊木昜SunnyYang大楊黃崇瑋
0	去媽寶版搜尋鴿子，會看到可怕的文章！
1	踩得所有人都比他們賺得多...笑死
0	大力支持原PO的回應，完全道出小的心聲
0	賺得錢也能超過踩的人就好了......
0	虐菜跟花式虐菜的差別而已
0	最近怎麼這麼多柴犬阿!?大家是購買還是認養的啊??
0	老二出問題應該是<老二生病死日遊>不是<生老病死二日遊>
0	民進洞議員面對韓的悲劇三步曲（設局、挫賽、踩到滑倒）
0	叫小姑撥蝦殼可以說這是你媽媽又不是我媽媽
1	推加油
1	Lms加油...
0	5/20之前第一次抽票
1	你忘了他的朋友是指他的顧客嘛！有十個顧客算不錯了。
0	大滷桶跟施家滷味
1	02-29603456（按9由專人為您服務）。網站上寫的
1	第一題應該是D吧
1	呵呵
0	沒有，早就不看LMS，快點下去比較實際
1	都是要去看飛可TSperkz等的啊狼不是重點
0	要承認LMS的玩家就是比較弱，是很讓人不甘心的事情
1	見效長知識了
0	原來口耳相傳比經紀公司砸錢宣傳還
1	法,是不是符合你心目中理想的方式?
1	candy大早安,不知道以你的角度,覺得吳瑞北教授的想
0	昨天中午有一通來電沒接到，看whoscall是中華電信營
0	真的認不太出來姐姐了
1	[早安]
1	[早安]
1	本日最窝心
1	一大早吃好一點
0	不把你財產充公就不叫共產黨
0	這麼慘
0	混吃等死油嘴滑舌
1	笑他們不敢
0	愛演戲的兒子加上愛現的母親，還愛干政，屁屎
0	推那個冷氣好恐怖啊啊啊啊
0	我想戰死
1	推
0	該復仇了
0	人家市長有老花眼當然要螢幕大一點😅😅😅😅
1	推
0	錦上添花是這樣用的嗎？
0	還在審核...又不是馬上能成案....
0	他如當選以後不必再投票了……😭😭😭😭😭😭
0	带碗依然是最大赢家
0	強烈呼籲將此物送去餵豬!!
1	推
1	還是希望能在台北舞台上見到你們
1	回來台北吊著打我們應該是瘋狂歡呼吧？
0	如果統一，拆光光就不用鬥了
1	台北見電狼
0	FW光看成員水準跟去年GRX也是半斤八兩
0	問題是藏招還是虐尿狼
0	看去年表現GRXMAD根本不如PVB
1	防守外線都更好
1	可愛比MJkobe高壯
1	測速的ping參考就好還是要看你玩遊戲的ping值
0	我好像有遇過，記得把其中一個刪除掉就好了
1	請問是永貞路靠近哪裡謝謝
0	阿扁手抖一下就擋住了
1	閃電狼加油
0	當四強水準有那麼低嗎
1	A:天國人
1	推
1	這次是TL太送不然成績跟GRX一樣只贏外卡很正常
1	，如果有問題請醫生寫轉診單會比較快，我本人的經
0	花俊宏跟蔡銘修都是專門看癌症的，不好排，建議先
1	最重要的jg早安你有看到嗎？（揮手
0	Q：聖女貞德是哪一國人？
0	現在滿街都是
0	惜妳老木！先擔心妳自己年底要被罷免吧！
0	看來中美要走上誰怕誰了！
0	多軍傻眼
1	司令又領錢了讚！
1	準備再接多單囉
0	有人在硬撐不下去殺個爽再說？
0	好在有拉開停損設賺一點點差點就大賠了
0	我一直以為他只是個屁孩⋯⋯
1	要看看娶這裡的女生他們有沒有提供聘金
0	可能要看場合還有狀況...依照不同情境配合不同顏色...
0	現在連作業員都要靠關係了嗎...
1	會啊.而且萬一不幸發生車禍.責任分配也比較有保障
0	先觀察狀況如果晃動太過嚴重還是會往出口衝的
1	原則上是這樣的'畢竟要給小孩一個好的示範以身作則
0	中美真打起貿易戰的話，台灣也閃不掉.....
0	等16gb破1300元入手歷史新低1600左右
1	一般穿黑白好配但也會偶爾配鮮豔一點的
0	能不接觸就不接觸小心不要被害真要害我，我也挖洞給他
0	早上你也沒辦法...晚上的話就報警吧...不要自己去處理
1	時代力量嘛.在黃老師的領導之下.哈哈...影帝ㄝ...
1	只要你們小倆口同意也有共識...那就好...祝福你們
1	ETF確實是個不錯的投資工具多學一招
0	如果敵人不是在海上，而是在岸邊呢?
1	到貨了~下次再請妳幫忙囉，tks
1	到貨了~下次再請妳幫忙囉，tks
1	推推~~很有效率的代買，今天匯款隔天就
1	推推~~很有效率的代買，今天匯款隔天就
0	差點被做掉的你，一輩子恐怕隨時都是生死一瞬間
0	*找
0	助貓著主人。
0	補血，幫高調，某些人的重點是神棍，但原po的重點是幫
1	幫補血，怎麼忘記先掃晶片啦XD
0	也別太相信一方之詞，感覺有些內容沒說清楚，雙方都有問題
0	跟藍尾們一樣噁心
1	好了啦再不自刪我要檢舉囉
1	小米9水下測試
0	應該不超過兩年吧
1	命運好好玩粉絲團
1	手遊課金看直播都會贊助一下
0	偶遇過的~改過名字的~不見得都過得好!!
0	應該乾脆就買瓶水了吧
0	星巴克，或者自己煮超商的咖啡看要....
0	有阿這樣比較乾淨不然牙籤不好弄
0	如果實用性高，還是會選擇購買，能夠解決問題
0	沒有吧!非常不解.飲料就飲料
1	會阿因為畢竟太常用手機了所以花在這上面我覺的很可以
1	有需要又有實用的會一分錢一分貨
1	幾乎不會晚上起來尿尿耶常常都是早上很急著要去尿
1	有下有回感謝..
1	個人比喜歡看小說，只花過錢在看小說的APP上
0	以前學校會要求用牙線，現在我個人部會用牙線太麻煩了
0	不會，目前為止還沒有過以後也不打算有
0	上去又下來上面不知套了多少人
1	沒事多喝水....多喝水沒事....
0	應該都要雙薪家庭才能負荷到得了
1	一雙上班兩雙放假外出基本上每一雙都會平均的穿
0	改不改不重要，重要的是心境改變了才有效
0	跟飲料點買水請問你用什麼裝阿?
0	看看道瓊再看看A股只能從股票去看誰受傷大了啦
1	這很正常吧不過很少飲料店有水呢
0	名字跟人生有什麼關係我覺得我現在的名字蠻好
0	會花錢在遊戲程式中，但之後會心痛錢被花掉
0	請問老英菜桶，台灣有個里長？
1	如果睡覺前喝太多水的話,就會起床上廁所
1	只要是有用的,當然願意付錢～
1	有時候會，有時候一覺到天亮就不會半夜上廁所
0	還沒開始吧
0	在這邊匿名勸人家生不用負責啊~~連你是誰也沒人知道呢~~~
1	XDD
0	看來連基本經濟貿易常識都沒有只會被名嘴洗腦可憐
0	說簽服貿會統一?那中韓也簽了自由貿易協定有統一?
0	噁心簡直不要臉
0	的講義都是老師自掏腰包，因為地球村的課本內容不多，如
0	這廠工應該是韓國瑜派來的什麼都不會上來先唬爛一輪
0	不推薦的原因是不管認真不認真教學薪水都一樣低薪，所有
0	純推~我都還沒去，它就關了QQ
0	不會結束了高雄人自甘墮落結局會跟苗栗花蓮一樣
0	被開罵，當下哪裡還會回嘴。你的煩惱不僅太遙遠，甚至可能
0	沒人QQ柯選的話時代會和柯合作吧
0	沒住一起，一年不過就幾天回去過節，回到家東西沒收好直接
1	我有追蹤她臉書推
1	時代力量加油
0	我覺得長牙還是會哭一下！我兒都邊哭邊摸牙齦
0	跟你講這內容沒業績啦當然沒有喪屍團
1	推
0	他本來就以替補為主
0	木村：回家啦たつき/細谷：回家吧木村/東電：回家吧細
1	艾倫嫩拉,對北野的愛只有這樣而已,還想說去日本可以看艾倫
0	再十分鐘就要爆了
1	推
0	每次看到視野不同我都@@？？
1	這類綠葉有個生涯年已經不錯了
1	光年紀就不可能練永維阿飛回來ss還是他的晨威去外野奔跑
0	為什麼要兩個版各貼一次啊=___=
0	中華民國的企業本來就叫中資
1	把剛才的謝謝還給我
1	很好啊
0	怎麼不是死刑？？？
1	加油💪
1	加油💪
1	感覺很帥?
0	我最討厭的就是麥肯錫
0	所以這邊是醫學系班群哦看來我走錯棚了抱歉...
1	B1謝謝你的建議！請問曠野之心是Dior的嗎？
0	好事阿回家看阿公不好嗎Q_Q搞不好是阿公帶他回家的
0	蔣渭水看到現在的柯怕不氣到復活
1	喔喔喔喔美腳欸????
0	所以呢？不是說了收錢就要交場地費，所以才收發票嗎？
0	繼續噓啊
1	鬼滅之刃op好好聽
0	繼續噓啊
0	有腦笑死不就看風向就有一堆無腦肥宅挺
0	上次出來就年假長不爽除夕加班
0	拜託幫修注音殺
0	今晚站穩677空軍就母湯惹0.0
0	傷了歐倪不然牛棚更ㄕㄚˉ
1	推十七～好希望看到她們三人一起領獎的畫面QQ
1	毒米出得去，中資進得來，廠工發大柴XDDD
1	高譚市是真的
0	夭壽，都幾年了還用這招
0	沒實力只好耍脾氣
1	終於有初戀！！
0	他在日本的時候最好敢這樣
1	這作品應該可以變經典不下於草莓東西之爭
1	A大這樣說起來真的很成長耶XD
1	索爾:奧格瑪民調被動參戰
0	這種條件就想搞"園區"是騙大家還是騙自己?
1	加油
0	至少應該能站穩一軍原來是生病了希望他還能回來球場比賽
0	連館黑都不信
0	你怎麼不用林肯名言來叫柯師父不要整天想報仇
1	推事必躬親
0	兩個版本都醜死了，加市長圖案也是莫名其妙
0	後來的補選賄選的二代還是有一半補進去
0	抽黑貞出阿提拉眼神死中
1	你是好人
1	高雄50嵐珍奶才45
0	以不意外
0	知情且操作那是邪惡就算不知道好了那也是無能
1	還有他們之間的互動，另外阿雅的志向是當遊俠，所
0	垃圾民進黨都分工好，誰當白臉，誰當黑臉，誰當洨狗
0	蠢蛋就是蠢蛋
0	原來五毛的起手式就是你是黨工原來如此
0	果然是毒瘤
1	買雅瑪哈
0	都上任多久還在搞代言人?
0	誰說禿吉禿了?還是那是口頭禪?像妙蛙種子喊種子?
0	被安樂死或被毒死夾死還是被煮成香肉鍋才要出來假靠北
1	連民主的西班牙都堅決禁止加泰隆尼亞獨立更何況本島XD
0	動保團體勒啞巴了啊還不快去把野狗抓回去供奉不要等到
1	開放外勞開吃吧
0	只能說你人品不好
0	內衣罩杯不合才容易看到
1	不管！有開團我也要進群組一起喇賽(欸有說要開群組？XD
0	你是不是想______
1	吃完熱炒再唱歌~就這樣開團了
1	錢等等，讓媳婦揹黑鍋
1	強迫推銷開始了小心洗腦
1	要先看看有沒有加值，有加值當然不會亂罵XDD
0	但背後都跟自己的婆婆媽媽，說媳婦都不用工作都花兒子的
1	下一任郵局董座人選出現囉
1	做白日夢，我親戚在她兒子跟外人面前一直說媳婦很好等等，
1	推
1	推
0	阿Q很好阿，不能改變的事實難道要一直崩潰給其他酸
1	他現在全隊資歷最老啊當然隊長
0	你只是想幹人家而已嘔嘔嘔嘔嘔
0	阿Q勝利法
0	但跟其他人比真的沒有好到必須入圍+1
0	問毒瘤啊…
0	地板沒防滑？
0	會擠破頭應徵嗎？
1	FW是Bettycaller沒錯
1	講的好像標到不用租金，不用花錢投資設備一樣
0	韓援JG國際賽就是來戳的FW把JG換掉+換主CALL
1	教的地方，待在歐美他們會比較開心
0	pchome不是已經全拿了？你們在吵甚麼？
0	別只切割新潮流，你們DPP都是這種嘴臉
0	夯罵嗎
0	燙壞了吧⋯⋯
1	小琉球那邊太陽已經出來了哦？
0	好像太膚淺了哈
0	因為長大了能夠控制自己的生活了嗎?
0	他對人的判斷一直蠻有問題的（例如韓...）
1	不錯的測試不過我覺得實際使用上並不會感覺的到差異很大
1	晚安
1	柯很小看習
0	才兩百萬課長不知道幾億灑給黑橘了
0	嘔
0	麻痺惹再,也沒有熟悉的感受惹
0	已知用火
0	習要是談得了，他今天也不用跟川普打貿易戰
0	五樓認為自己肛門低人一點所以一直在嘗試各種肛
1	若基本人權的範圍那麼小，那保護這也沒啥好說嘴的
0	竟然轉到我的子帳戶裡，難怪昨天沒看到
1	推~XDD
1	瘋狂做菜
0	胖丁怎麼可能沒人追，自拍照丟上來看看
1	樓上這是拉斯塔哈大混戰的主題曲
0	不過現在回頭去看，好險當時沒牽==
1	好羨慕唷都沒人愛我
0	看透可版說飼主接回去了似乎是飼主縱火的.......
0	我打爐石怎不知道這啥
0	國中差點就要牽起那女孩的手了
0	噁心爐石智障遊戲滾去專板發文
0	糞作過氣遊戲
1	男的小姐姐？
0	公三小
1	你他媽要不要看現在幾點
0	我國中牽著腳踏車卻牽不起她的手嗚嗚嗚嗚
0	B4他是男生不是破麻
0	因為擔任軍事任務不是基本人權
0	想被吉喔
0	怎麼這次日記那麼短
1	晚安
0	點進來之前看到貓圖，還以為是養一隻貓當女友
0	拜託快關，別給機會
0	臉醜還有救，心醜就完了
1	自願當肉便器跟交朋友是兩回事
1	呵呵呵
1	說早安順便叫我起床謝謝
0	做功德結果還被嫌棄增加業務量呵
1	雖然總對不上P醬的電波，可是狀態很好的對應依舊美好哪～
1	假議題這也是柯自己講的學姐幫辯護就被打的滿頭包
1	主流還是以日間部為主大學有辦夜間部護理的學校不多
0	朱榕基曾慶紅溫家寶開始藉貿易戰發難今年的北戴河
0	派沒看十九大他和胡錦濤有多緊密不過最近江澤民
0	當第一個門號不然就換號花錢
0	習近平能快速掌控最大原因是胡錦濤挺他挺到放掉團
0	LM211不是主號就過戶吧看有沒有認識的親友小孩需要
0	2樓記得收傳票~;-)
0	我家沒冷氣，今年到目前為止睡覺連電扇還沒開
1	加油女孩～你會走出來的！
0	都知道要弄相關的東西搞觀光。結果乘車的風景要被迫改
0	從哪抄來的?從哪抄來的?
0	楊梅有吃悶虧？自以為喔？算了反正政客也不會搭火車
0	這次是柯自己搗的蜂窩，要是真出這種劇情我無言
1	我可以幫你不過等我這禮拜比賽結束180/8512%
0	中國靠輸血業務就已經創造數千萬愛滋病患了
1	好想幫你畫重點ㄛ
0	聊看看怎樣的手好抽
0	一二樓整個專業
0	覺得柯心態的確如此
1	我家都只有1x而已，b38不穩，對我大多情況還是lm好
0	我反而是比較想用lm的，之前沒辦到覺得可惜，亞太在
0	他這麼會選邊就不會差一點落選
1	草泥馬對面T1丟兩隻無邊黑暗我T2全叫醒
1	中肯
1	這篇很精準，一定要推~
1	白粉:等逐字搞
0	聊抽血幾次抽到嗎
1	要經營一段良好的三角關係才是阿
0	師父明明就不擅長處理多重關係，但偏偏愛嘴別人，應該
1	推推
1	為跪舔就能化解危機?XD
0	今天若有人說要對柯文哲和柯粉不利，難道柯文哲和柯粉認
1	柯連自己的人際關係都有問題教人友中親美笑死
0	柯市長智商１５７你多少啦？智商比柯高再來說嘴好嗎
0	柯粉的腦袋真的不考慮替地球減壓?
0	瑞士中立才有機會和平~一開始就說要扁德國你看會被幹爆嗎
1	其實希特勒還偷擬了個聖誕樹行動想偷襲瑞士只是最後沒打
0	你以為勒。瑞士拿的是全民皆兵的超級刺蝟戰術才活下來的
0	川普的訴求很簡單，不就是公平對等的貿易競爭而已
1	瑞士實施「全民皆兵」的義務民兵制，並未放棄武裝力量
0	比利時兩次大戰都喊中立阿怎麼都變戰場呵呵
0	因為馬英九的監察院彈劾柯文哲把他往死裡打
0	之前就有個韓導亂舉例瑞士柯粉是要證明水準跟他們一樣?
1	蔡英文哪邊反中了?柯文哲和柯粉說了算?XD
1	痾美國本土從來沒有變成戰場過呢除了內戰啦XDD
0	這篇沒哪部五樓自肛
1	支持朱立倫。
0	他們不是故意討罵劇訪早就拍好了我是雙D會希望HBO
0	美國就是想撈回本，沒有別的意思
0	什麼打打鬧鬧都是假的，斷交才是真的
0	沒有斷交都不算，第一天認識美國膩！
1	柯粉的智商真的很棒XD
1	係中爭取最大利益!這才是最高戰略
0	當時中立的荷比盧丹麥挪威那一個沒被德國打下
1	會理你嗎
0	難道跟川說再中國不能課
0	為甚麼兩大國打起來一定是中國變戰場?說不定是美國被炸爛
1	柯粉活在seafood的泡泡中不會醒的
0	瑞士為了生存不得已和納粹簽協議但還是準備擋納粹的襲擊
0	同業要聊什麼今天血抽了嗎這樣
0	這兩個的因為所以邏輯我不太懂因為肚子餓所以要去騎馬
0	太后應該弄有8根插槽的平台阿，16*8
1	我難過的是
0	那推薦什麼牌的乳液嗎????????
0	不能太細要割皮直ㄉ
0	B4也太可惜了吧????
0	B7我應該不會太細要參考看看嗎
1	不要太細的其實都可以哈哈
1	B4我來陪你呀
1	好性感想問你性向～-禮物妹妹????
0	B4聖人模式on
0	我也覺得乳液好一些不然用凡士林出的乳液啊????????
1	推阿珠，好吃
0	我也好奇????
1	想要聽你昨晚故事
1	我這裡有一批芒果好便宜
1	很棒哦~乖乖
1	好奇+1我問很多他們都喜歡上翹
1	青筋手可以嗎
0	用凡士林還不如用乳液？比較水呀
0	乳液比較好吧....
0	幹還真的是王餅中教的三角形......
0	那個血管啊嘶
0	放棄噓放棄的箭頭還推歪忍住按y
0	https://www.plurk.com/p/lfin5l
0	https://www.plurk.com/p/md3sa0
0	https://www.plurk.com/p/l4hcqy
1	險的戶外
0	紅明顯，不要放養。要餵就收編牠，愛牠就別讓他活在高危
1	下榜謝謝謝謝謝謝
0	毛都剃了怎麼還顯得那麼短
0	.....
1	有人追也是很幸福的啊
1	乖要不跟我聊好了
1	B14乖我在等你欸
1	B14我秀秀（摟著妳
1	真是超好聽的
0	坦白講啊………
0	120炮…搬了整整一年真的重
0	ROG信仰不知道這樣的散熱能力好不好?
1	樓上，可以煎蛋了嗎？
0	不知道是不是天氣變熱12.3滑IG也超燙
0	寶寶你....該休息[emo283]鬼滅我也好奇好不好看(?
1	噗主36
0	感覺這種手遊的廣告都差不多爛想到以前的774
1	家福便利購已經直指全聯了希望兩家都成為主流就方便多了
0	我沒什麼信仰好像沒在信仰上花錢過
1	@penguin_lai:[機器狼嘿嘿]（擺pose）
1	推推推
1	MSI1063昨天更新到這版.暫時沒問題...
0	《》
1	RAM控可以參考這個
1	像是刺激1995,我大概看了6次,真的是很好看的電影
1	如果必須穿的話會帶畢竟穿自己的比較舒適也比較衛生
0	輻射真的是很恐怖...導致畸型的人類嬰孩
0	這樣子會不會對狗的毛毛有敏感呢。
0	選舉時沒有真相說什麼都可以
1	沒喝過看起來很漂亮但不知道可食用
1	加油希望這次真的會成功阿不要一直跳票一直被打臉阿
0	那為甚麼台星會出，也是可以賺一筆運費跟設定費阿
1	直接加顆茶葉蛋，超好吃
1	當然會阿基本上就是穿拖鞋上班了這樣比較舒服
0	很多啊周星馳的電影至少看10次以上
0	這樣應該要看單位與部門和工作環境吧羨慕你不用腳臭
0	會啊，其實挺方便的，但是如果走路拖地就很討厭了
1	多開多熟練，馬路上是最好的練習場所(笑~
0	從以前就不太能接受食物飲料出現藍色或紫色現在更不能了
0	只有幾部電影會多刷，一般來說很難達成還是看片啦
1	去戲院看就不會了,DVD就試過同一電影多看幾次
1	當然是一次吞啦,除非量太多,一般10粒以下都是一次吞
1	我覺得很好啊做那麼多事然到連一點鼓勵都不可以嗎
0	其實真的就多開就會熟悉了
0	比特犬簡直是殺人武器，難怪許多國家立法禁養
0	再怎麼黑韓你們還是要低頭台灣總統韓當定了
0	何苦逼一個合法廠商呢？吃像有必要這麼難看嗎？？
0	上班不能穿拖鞋QQ只有下雨會帶拖鞋
0	直接起來打死還敢飛下來阿蚊子
0	直接起來打死還敢飛下來阿蚊子
1	常開常練~~就會拖離三寶~~~
1	我覺得來台北練，然後常開就很ok了
1	當然會呀！不然皮鞋脫掉要穿什麼？
0	一顆一顆吞，從小到大不太會吞藥有時一顆還會失敗
1	有買就會喝，而且泡起來很漂亮
0	若無法管好就不應該隨便養.
1	超有效率，大推薦！
1	超有效率，大推薦！
1	超有效率，大推薦！
1	超有效率，大推薦！
0	我是不會，哭又沒什麼用，揍下去比較快(觀念偏差
0	出錯難免的沒有絕對的總比猛人做錯事還在硬ㄠ的魏OO好多了
0	恩，可以......建議樓主換台瑪莎拉蒂至少沒人敢亂叭你
0	看量多少吧太多還是會分次吞啊
1	速度很快回購必找
1	速度很快回購必找
1	速度很快回購必找
1	速度很快回購必找
0	骯髒汙穢，蛇鼠一窩
0	誰在我隔壁亂叫/
1	晚安安
1	這家海南雞飯真的推薦！
1	安安
1	我在民富門市和城北門市換過，去換的時候都還有好
0	我被我媽罵了QAQ
1	晚安
0	啊啊啊啊啊
1	B5太棒了，謝謝你????
0	XDDDDD臭嘴互槓，那個文青風的先慫了
0	他要說自己被網路80了嗎？
1	哈哈與其刪留言還不如好好想想上法院怎麼說吧
0	同事會先問我在幹嘛？0.0
1	晚安
0	我嗚嗚嗚嗚
0	外遇離婚的兩性專家
0	我館黑啦，看到就噓
0	比起毫無懸念的總冠軍，這幾年交易熱鬧多了。
0	上次已買1408...
1	和平分手的話是還好我遇到的是前任劈腿
0	嗚嗚嗚嗚嗚嗚嗚嗚
1	安安安安安安安
1	B12每換一個構圖一個場景就剪一次？真勤勞欸
0	我已經取消追蹤了
0	啊...啊...
1	顏色好美！！
0	程序出問題了
0	我的臭肥宅越來越肥
0	打鼻梁==怕
0	我不指望同性戀會回報選票
1	太棒了，把一些壞蛋清出去
1	b2台灣一定會出
0	罰錢沒用，先抓到關三年
0	可以告他詐欺了！
0	跟我一樣但我對服務業這行業的熱情快被撲滅了想換辦公室好了
0	所以我最喜歡看鹿鼎記goodending就不用煩
1	有行事曆了喔可以去查
1	有信用卡但湊免運湊的很辛苦????
0	莫名想到蒼蠅王。
0	退出台灣很久ㄌ…應該一兩年了…
1	我買輕量型的車底版
1	還是偶爾會長呀
0	一堆吧????是很早發育的巨乳小隻馬嗎????
0	沒人說realmex台灣會引進啊
1	來來來來愛來
1	5/22正式上線活動商品為到期前七個小時打七折
0	自己沒種面對永遠怪別人不怪自己的軟弱
1	有啊開放以下⬇️⬇️⬇️⬇️⬇️
1	怎麼可能沒有哈哈146很棒欸
1	我可以
1	黃賢德推
1	我室友都會摸我肉棒
0	找人解決（誤
0	B3要吃宵夜嗎????
1	哈哈哈哈哈哈哈那你可以開始探索自己了
1	喜歡就繼續啊
1	頭香我們近嗎？讓我幫妳
0	面試已經很累了還要被這樣煩⋯原po拍拍
0	B2發現案情並不單純
1	那你的錢也我幫你花吧，不用客氣，我好心幫你花
0	很多ubereats就有了外送到家????????????
0	可憐
0	OK了Win跟Linux都可以讀取了
0	公投不容剝奪矮化
1	B2謝謝文山城武愛妳三千次
1	我看我瘦子、有在健身的同學也有
1	B7c排也是呀，連兵線都不推的那種：）
1	去健身，穿白t+牛仔褲比穿那些潮牌好看多了
1	B1太快了吧但真的很棒吧(*´∇｀*)
1	好
1	Wow>///<
1	我可以當狗舔鮑妳
0	應該沒人不願意????
1	熊麻吉
1	我願意
0	B3要考不過才難吧？
0	真的很想看這部片子這背後式看了好受不了
0	台達電也是大家都聽過的公司阿
0	允妳媽個許他要吃屎妳也管不著
0	b3在這禮拜二跟禮拜三的啟我大樓，已經結束了哦????
0	B3真的很煩...尤其是自己真的有很多事都弄不完了
1	手機支付讚啦
0	B7人家就新手也不友善一點...
0	想問原po讀哪～
1	B10哈哈哈哈要卸貨了啦????????
1	B1大一而已喔
0	我大逢甲死累許修豪找他穩的
1	B23陪你摸摸
0	後面再有人來亂貼我就直接刪了喔～[emo42]
0	我都不讀不回啊，久而久之對方就知難而退了
0	同城约炮神器1a10a点com下载
1	B3可以跟更貴的疊擦例如YSL
1	如果只買油也是會有效果嗎？
1	全力支持韓國瑜
0	B7你改的很好奈何那塊肉賣相...(●°u°●)​
1	酷喔~(p-cool)
0	打一點在牛奶裡面再冰進去，隔天發現少了一點，我就安心了
0	B23想看濕濕的鮑魚????????
0	我看過有人曠課快150節的...
0	B3????????????
1	B8好想聽你分享！！哈哈哈
1	B2哈哈w聊了嘛????
0	啊...啊...
0	〒_〒(噴哭
0	B17什麼灣?歪潑地烹湖嗚灣案案
0	怎麼穿都是肥宅w
1	B20想看更多妳的胸部????
1	b27要主動調戲啊男生被動就要換妳們主動了
0	混合偏油肌沒有很喜歡這瓶，太油了
1	b15有點期待你們的音檔或影檔
1	挖烏這個胸部好大喔這從後面來ww感覺會很爽owo
1	先留言在看看嘿嘿
1	我是護理師❤️
1	B1妳好啊護士的好反差很大
0	護士????
0	我的牙齒越來越歪，所以被媽媽抓去矯正了
1	我都內車嘻嘻
0	B3沒注意到，已更改????
1	未來有沒有他不重要這兩句真的貼切
0	@RNarumi:這個招牌錯字只會讓人不爽，完全不想消費
0	Hmm....(p-stare)
0	在台灣沒有抽檢舉我有效力嗎？
0	我遇過動機汁男我覺得不行
0	先不說錯不錯了為什麼要把標題當內文用…………
1	提醒你不要太高調小心回來有心人檢舉你喔～
1	無碼的要嗎哈哈哈
0	當斷不斷必受其亂野必受其亂野
0	目前老婆沒一個過決賽...(遠目
0	b21好吧想摸摸??
1	B20沒有哈哈哈哈哈
1	b19有限時圖嘛？
0	三小==？
1	B17哈哈不拍就不會有事啦
1	媚點我覺得很棒
0	B16超怕很膽小的
0	開徵之後錢會在哪
0	政府一定要有動作嚇阻
0	講的很好????我也是最近才想通雖然花了一段時間
0	這種設計在狹小空間很不方便吧
0	國國的單
1	根據希臘神話ㄋ懂ㄉ
0	當熊可以呀可是可以不要只抱跟看嗎
1	爬文謝謝～
0	好難過那麼小的孩子
0	B22想睡覺
0	本來就敗了還在硬拗⋯⋯
0	可惜了，競爭力還是差了點，可以參考聯想的進步決心。
0	已經違憲的東西還可以拿出來公投本身就很智障
1	初戀ㅠ
0	這是三小=“=行動代號孫中山？行動代號孫中山？
1	唯一女角擔當捏當然要好看一點
0	新四大嘉台清交其他通通下去
1	WayNeWen我要買
1	堯跟班在教堂那幕真的感動
0	請問有不吸菸的男生嗎^_^？
0	永遠不會忘記在這個時候是民進黨為同志盡心力。
1	2020一定支持民主進步黨，它沒有違背政黨名字彰顯的價值！
0	光他代言都超過他月薪不知道幾倍了
1	🌈支持🌈
0	B3xvideo蠻多的????????????
1	哈哈哈我看不出來
1	轉戰推特了！
1	B1不知道耶B2內容應該很清楚吧哈哈
0	怎麼認識
0	Hmm....(p-stare)
1	民進黨已經提出微調版囉改文字但內容不變支持微調版!!!
1	這姐姐太猛了！還好阿姨很理性
1	B20a片看那種小隻的火車便當超讚欸男生可以抱起來晃
1	防降噗～(p-crying)
1	B21學長我已畢業！！！
1	女友153我174只能說做起來真的很爽
1	B17學長還有機會嗎？哈哈
1	B12妳負責錄影看我們搖
0	你們藍頭自己搖????
0	B10嘔嘔嘔
0	別說了，自己雛菊掰開坐上來搖
0	CPU波動蠻大記憶體倒是紋風不動
0	黃建閔........
0	嗯....十幾年前就跟醫生討論過了
0	美國低智商就40%川粉，台灣是40%腦殘發大財藍蛆
1	支持！黃捷加油～
1	陳曉萱可惜了哈哈哈
1	霹靂5號好看啊！還有第二集
1	2020如果真出5門款，那才是最好的購買時機。
0	街上一堆雙B跑來跑去，你騙我經濟不好？
0	民進黨干預司法真的太誇張了！真的需要下台！
0	既然都知道根本無用就不要誰又再那邊鼓吹要實名了
0	我都憑直覺????????????
0	那就是裸雙阿幹
0	陳其邁也很幹
0	原來是這樣…我還以為只有我咧…
1	人權律師請到中國發聲
1	RubyFan我很喜歡她耶
0	季後賽打
0	字母是誰？躲東區的咖。有鄉民懂籃球？喇叭去西區沒
1	保底東冠一走大家都快活起來了
0	媽媽已經有人開先河了吧黑山羊媽媽什麼的
0	附上的應該是拿手把自虐的遊戲
0	塗子萱
0	字母哥:（頭髮往後疏）東區現在由我統治
1	感謝各位熱心人士的回覆,我再跟台哥大談好了.
0	黃鄒翔我害怕結局..
0	有點可惜想看今年的母哥打姆斯
1	露屌可以當沒看到我也不知道該怎麼面對你
1	給你好處這種行為跟乞丐有什麼兩樣
0	本來就是大家不喜歡你不喜歡還要理由喔硬逼著要大家
0	草包中國科科
0	酸酸不同意
0	原來是自己被歧視就覺得歧視別人很正常啊
0	藍甲不會+100000000000000
1	佩服
0	柯糞:美國挑釁
0	把東區打死,結果在西區被打死
1	你這樣可以理解了484
0	對啊所以肥宅都被歧視
0	每次選舉雲林都有豬肉牛肉跟水利梗，事後也會說是誤會。
1	推
1	推
1	你的小芳不是你的小芳
1	我米其林寶寶推薦給樓下參考
1	推
1	好
1	推
0	看到無腦恐同的崩潰就是爽!!!!
0	這水準真的差
1	不用安慰啊我猩猩我驕傲：）
0	15-25號室外不要曬被子，是因為下大雨....
1	推
1	推
0	耶穌死爽沒！？
1	要過呀～
1	推
1	推
0	我最怕的就是虐完結局還不是認定的CP直接棄追
1	主播氣宇非凡喔謝謝妳
1	好
1	辛苦了真的
1	推
0	中共術語...
1	樓上的宅宅大頭貼一定也有人不喜歡
0	有什麼關聯就大家不支持啊
1	應該要強制規定，同婚的不能捐血
0	這什麼垃圾言論果然跟你政治立場一樣
0	就暈船惹
1	推
1	推
1	推
0	2樓的文會不會被水桶啊
1	推
0	不要吧怕你信心崩潰阿LBJ都快把東區打死了
0	得寸進尺啊每次同婚遊行都有奇裝異服大家不喜歡
1	推推
1	每個人都有追求屬於自己幸福的權力支持世凱
0	沒能力沒懶黨死好幹
0	不爽老闆就fire老闆自己當很難嗎？就想當寄生蟲又
0	沒關係女神最不缺的就是擁護者
0	亡國感好重，來打場亡國紀元壓壓驚吧
0	他還小直接打死算了
0	不虐是要看三小
0	離職找高薪啊但沒種
0	所以我不是女神被討厭了嗚嗚
0	被世(ㄗㄨㄛˋ)界(ㄓㄜˇ)的惡意虐一花別哭
0	自己當老闆
1	24k找不到人可以試試看36k啊^_^
0	是不是誤會什麼？我怎麼可能討厭小愛女神
0	猩猩你竟然討厭我我走
0	ㄆ初選過了?
0	但是同樣地區的傳產還在抱怨24k找不到人
0	你怎麼推導出勞工不想要立法提高底薪?
0	異性鬼父崩潰了
1	有起伏才能撐的久
0	竹科許多廠商為了搶人三五年就結構性調薪不是新聞
1	只是看勞工願不願意都加入
1	等等柯再一句話..芒果又要洗起來了..不用急
1	產業完整的話老闆確實會主動調薪
1	XDDD
1	因為美學要摳摳，貝聿銘R.I.P.
1	強制公布各公司行號的職薪
0	大家只是想一起聊聊天而已，換個話題聊
0	不加薪就離職啊
1	加油把中文學好好嗎
0	每次看到這種吸仇恨的言論大家最好小心是不是在釣魚
0	也是很神奇啦，他們可能要去看醫生，竟然有你這種朋友。
0	去看醫生啦，別來這為你身邊的人丟臉，啊不過你會有朋友
0	150是要租給誰
1	妳有事？
0	第三者插入...我自己走
0	我討厭米其林我比較愛冰淇淋
0	純推不領
1	推
1	推
1	推
1	推
1	推
1	了解那這時間點買應該可以了
0	竹南暴雨狂打雷啊
1	我通常會騎車去繞一繞!
1	有錢就是要比品味不然直接比錢嗎
1	都聚!!!碰到豔遇還可以拿來擋一次，以免無套得愛滋
0	很難了，各有各的生活了
1	好奇這些筆電可不可以自行加裝記憶體?
0	農委會主委應該逃不了關係吧,要下台負責,
1	製作團隊大喊,我們要發大財,
0	不管質詢內容有沒有水準,至少是出了名,
0	不會，以前就沒什麼興趣了
0	小孩子要教不然長大了教不動帶小孩也要分場所的
1	熱情是一時的實力才是真的
0	感覺現在看新聞好像在看戲劇
1	會啊!偶爾去自助洗衣店時順便會去附近的娃娃機玩玩
0	已經在選樹葬、花葬或海葬了?
0	夾娃娃太浪費錢了吧⋯⋯現在都沒再夾了窮
1	會呀，約到就會去，因為太開心
0	那就是裸雙啊幹
1	就是當初有個人被抓到之後隨便掰的理由，後來也有人沿用而已
0	換電腦他們才有錢賺要不然一直不換他們賺什麼
1	在很多人還沒開始結婚之前還會偶爾聚聚
0	這檔投信概念股每次頭心都會連買一波
0	我也不懂抽菸哪裡好,而且菸的價錢很貴又容易有口臭
1	會阿,就連零錢我也會先把舊的給別人
0	淘汰是正常的差別只是時間上的問題
1	屁精萬歲
1	推小英
1	謝謝蔡英文，即使面對保守老人，還是推動同婚跟年改
1	推
0	噁
1	支持小英
1	加油
1	過了是很好，還是應該尊重公投一下
1	1萬個留言挺大概50萬個人美送
0	噓文噓到精神錯亂了啦
1	物，但要懂得尊重別人人權
1	不會，這才是文明的表現，不用強迫喜歡自己不喜歡的事
1	REX輩份最小能怎樣==
0	工三小?
0	同溫層不到黃河心不死操
0	勇於承擔台灣的歷史永遠不會忘記今天
0	加油吧...真的是豪賭
1	推
0	噓文今天要崩潰很多次了
1	推
0	這跟847也差太多要黑也不是這樣黑
1	不會我覺得你很有民主素養
0	長毛播的比較差吧你是不是搞錯了?
0	越南就超級南部阿都叫越南了你以為是北部喔
0	建議有疑慮的反同人士快把兒童領養光光
0	問題絕對多到炸
0	死不了
0	別人的孩子死不完
1	你爸媽有你才......小
1	目投的嗎？
0	獨綠真的不簡單原來跟我觀念差那麼多
0	惡公婆會叫你一直生，生出男的為止
0	所以公投到底是投怎樣看不懂欸
1	水
0	幫高調噓文的崩潰好可憐
1	開心
0	推啦氣死親中噓文仔
0	柯p御用媒體放話了
1	滾去中國好嗎?你們的理想天堂
1	啊結果你們贊成同婚的要不要開除黨籍?
1	難得贊同中屎
0	黨報先噓
0	素質
0	高雄人都可以選出韓國瑜了沒素質正常北部人就是有
0	國民黨把東部的五份軌改成1067
1	1067變1455旁邊的保護空間要多多少
0	七百多萬票你知道有多少是看著手機群組傳的訊息盲
0	反同也不會懶叫套襪子
0	倫常道德就像空氣一樣
0	沒序號領了，爛公司
0	活動名稱叫狼粉相挺，狼都倒了還給什麼序號？
1	支持專法的就妳最做作
1	最強辣台妹
0	操你媽的擋實價登錄2.0不敢打房搞這有的沒的
1	推
0	五毛哭了
1	推
1	開心，笑死，沒事去管別人干涉別人做啥
1	推
1	很爽啊
1	推個
1	好
1	推
1	還好吧我覺得今天REX不差啊
0	為引戰而黑噁
1	不差啊
0	我是覺得三個人有點多有時聽起來很雜亂
0	你想一下高雄人現在的市長是誰，再想想是誰投的票
1	台灣人日常
0	越南未開化阿宮三小
0	DPP不知道在蠢啥，操
0	公投票數，一定算錯了
1	靈長有表示要跟你共度一生嗎
1	推
1	推
1	效應我愛你
1	小英為了台灣人民做很多啊
1	支持阿
0	再啦幹
1	支持英文哦
0	五毛噓就推
0	黨工吃屎
1	推仙女
1	好唷
0	公關公司禮拜五晚上還加班金摳連
1	推啊
1	有看到這新聞
1	推
1	推
1	推
1	推
1	爽
1	推
1	推
1	笑死那8個你先開除吧
0	高鐵是標準軌啊之前普悠瑪事件台鐵也跳出來說考慮換軌
1	英粉啊紅到變紅衛兵
0	1124是被很多議題綁架來的，你把它專程拿出來單獨
0	且網路族群也沒穩挺同一半或64開
1	撿鑽石真好賺
0	惡公婆哪會少子化
0	提釋憲的人被罵幹xx.被罵跟風
1	某A沒人理真好笑
0	啊...啊...
0	他就有錢管他想怎麼花幹嘛==
0	靠北wwww你們到底wwwww
1	想買！！！！
1	[emo28]大家晚安！
1	真的還有人想買嗎？一隻17xx羊
0	可惡，好想要www
0	這是錢包嗎wwww好想要ww
1	拍賣找看看~買故障的回來~試試A、B合體
0	....沒有半身嗎裝個尾巴穿衣服真的有點弱靠臉撐場面
0	中天在台灣是比較紅的之前猛捧韓大家都明白了吧
0	這些都是為了要炒新聞的吧這也太明顯了
0	這世界真的是太複雜了，哀哀唉
0	希望義美的這些案件只是單純的品質檢驗問題而非食安問題
1	黃小姐要得!說得好!也是我們想問韓市長的話。
0	現在的光追不太行,至少等下或下下代吧
1	不會1234567890
0	還是支持義美啦就是不想吃化工食品
1	機器人可以研究一下，謝謝
1	只要是真的的交往，部論年紀，都很祝福
1	大推!!非常棒的代買，大感謝~~~
1	大推!!非常棒的代買，大感謝~~~
1	看完這篇我默默地按下左鍵離開八卦版掰了各位
0	其邁又其邁了
1	不要君品矯正就矯正一直推薦植牙==
0	原po很悲憤欸，回一句幫忙不是義務就噴成這樣
0	示範一下就開始自由活動，瘋狂挑戰學生找學生對戰
0	校內喇舌超爽
0	B8現在不就是綠執政有戰爭了嗎==
0	B5哈哈看你早上還沒拿走
1	現如今，小女vs小女子，已經變成最低標了XDD
0	SOD我看也是湊不到人選啦
1	fj拼了快參選生死存亡在此一戰～
1	邊緣公司，很多公司根本沒聽過，AITC艾格也是
1	邊緣公司，很多公司根本沒聽過，AITC艾格也是
0	怎麼沒有忍者5的開箱測試，大家都推無限5...
1	謝謝，看來海關果然很忙。
1	TEAM直達甜蜜點在賣,也太有誠意了~
0	快忍不住要下手了.
1	推！
1	推！
1	推！
1	推！
0	不管怎麼說都是差別在風扇
1	黑對，大家一起去租一台，賺大錢
0	撐傘就好了吧穿雨衣或雨鞋很不方便
1	就看需求阿~走路撐傘騎車穿雨衣方便就好
1	下雨天我會撐傘穿具有防水的運動鞋
1	聯名款除非很喜歡不然還是看商品的品質
1	除了幸運,還要有知識,不然還當它是石頭.
1	如果人類也能活五百歲地球肯定爆炸
0	我都一起一顆一顆吞下去你怎麼看
1	游泳也不錯，游泳裡的蒸汽室，靜一靜
0	名嘴這麼多只要夠會畫虎爛都能當名嘴
0	我覺得可以改成韓市長版本的阿說不定台灣人素質會提升喔
0	真的是破壞市容的東西看到連東區都開了真的是無言了＠＠
1	看看夜遊版吧有很多放空＋放鬆的好去處喔哈哈哈
0	應該不會娶了一隻河東獅回家吧
1	我只要看到水族箱裡的魚兒在草缸悠遊,我就可以暫時放空
0	雨衣雨鞋只有騎車才會穿平時都是鞋子噴防水噴霧配雨傘
1	我見過牙刷爬滿螞蟻的
1	嗯.出門滑了一跤.小腿上有青苔是很合理的
0	代表當地經濟不太好啦
0	一口吃下去先苦後甘啦
0	不怕拉肚子嗎....隔天的我都不會喝
0	建議找三五好友打打球流流汗很適合卸除壓力
1	應該是摩斯漢堡原因就~覺得比較好吃
0	B6瞭解～～
1	推藏頭
0	我們的學生會會長❤
1	親切又有效率的代買哦：）
1	親切又有效率的代買哦：）
1	推！超有效率
1	推！超有效率
1	推！超有效率
1	推！超有效率
1	推嘉炫效率很高
1	水啦
0	維大力?
1	因為粉筆這種東西真的很沒什麼ㄟ一下雨就被沖掉ㄌ
1	我們的財力比較不雄厚，如果要的話64GB+Wifi加減用就好
1	Apple官網已經開賣囉！
0	7奈米的時候叫我14奈米繼續蹲
0	現在只要懶得動就叫ubereats方便
0	傳家之寶！但紋路有點噁心＠＠
1	謝謝您熱心分享訊息股票願意說明自己建議不多了
1	便當最方便了甚麼菜甚麼肉都有不用再煩惱要點甚麼小菜XD
1	不囉嗦一樣是勇士拉我本人我是支持賽爾提克的XDDD
0	看公司附近熱不熱鬧不然每天都還是訂便當居多
1	真是難得,撿一萬顆石頭,未必能有一顆,會變寳石.
0	還好吧~總統出現在國軍影片...常常都會有。
0	以前是，但現在沒有了，做自己
0	騎機車到公司大概10~15分鐘左右!!
1	哈!傳統市場的獨有特色
1	看完長知識了謝謝分享阿
0	含鍋拉鋸戰真的要誰出來當領頭有得拼了
0	看一些留言居然這樣也能護航........腦子呢
1	郭台銘目前看起來比較可以讓大家發大財而不是口號
0	段宜糠，你曲棍球到底要不要吞?
0	連公民與道德都做不好還需要唸其他的嗎？
1	所以建議結婚前先同居，這樣還有後悔的機會
1	還好後時候沒被父母丟掉XD
0	虎爛！要清潔環境要什麼裸體家政婦花錢請來不是要看就是要玩
1	應該是勇士對上公鹿，精彩啊!
1	我平時午餐當然是吃便當啊，而且通常都是鷄排飯啦
1	騎車來回約40分鐘覺得還在接受範圍內
0	台灣的已經很久沒在看了一直都是看國外片
0	目前是10分鐘左右，以後不敢說。
0	被1~4F搞得
0	五樓肛門黑色素沈澱
1	5樓的屌又黑又短
0	五樓都用黑色的香蕉塞肛門
0	幹幹幹幹自刪啦
0	幹幹幹幹自刪啦
0	幹幹幹幹自刪啦
0	幹幹幹幹自刪啦
0	幹幹幹幹自刪啦
0	幹幹幹幹自刪啦
0	幹幹幹幹自刪啦
0	幹幹幹幹自刪啦
0	幹幹幹幹自刪啦
0	幹
0	幹
0	幹
0	幹
0	幹
0	幹
0	幹
0	幹
1	四樓超愛五樓臭腳
1	四樓超愛五樓臭腳
1	四樓超愛五樓臭腳
1	四樓超愛五樓臭腳
1	四樓超愛五樓臭腳
1	四樓超愛五樓臭腳
0	以下推文沒有出現卡通人物我就幹死五樓
0	以下推文沒有出現卡通人物我就幹死五樓
0	以下推文沒有出現卡通人物我就幹死五樓
0	以下推文沒有出現卡通人物我就幹死五樓
0	以下推文沒有出現卡通人物我就幹死五樓
